IQ10295,welcome
IQ10297,welcome
IQ10299,welcome
IQ10301,welcome
IQ10303,welcome
IQ10305,welcome
IQ10307,welcome
IQ10309,welcome
IQ10311,welcome
IQ10313,welcome
IQ10315,welcome
IQ10317,welcome
IQ10319,welcome
IQ10321,welcome
IQ10323,welcome
IQ10325,welcome
IQ10327,welcome
IQ10329,welcome
IQ10331,welcome
IQ10333,welcome
IQ10335,welcome
IQ10337,welcome
IQ10339,welcome
IQ10341,welcome
IQ10343,welcome
IQ10345,welcome
IQ10347,welcome
IQ10349,welcome
IQ10351,welcome
IQ10353,welcome
IQ10355,welcome
IQ10359,welcome
IQ10361,welcome
IQ10363,welcome
IQ10365,welcome
IQ10367,welcome
IQ10369,welcome
IQ10371,welcome
IQ10373,welcome
IQ10375,welcome
IQ10377,welcome
IQ10379,welcome
IQ10381,welcome
IQ10383,welcome
IQ10385,welcome
IQ10387,welcome
IQ10389,welcome
IQ10391,welcome
IQ10393,welcome
IQ10395,welcome
IQ10397,welcome
IQ10399,welcome
IQ10401,welcome
IQ10403,welcome
IQ10405,welcome
IQ10407,welcome
IQ10409,welcome
IQ10411,welcome
IQ10413,welcome
IQ10415,welcome
IQ10417,welcome
IQ10419,welcome
IQ10421,welcome
IQ10423,welcome
IQ10425,welcome
IQ10427,welcome
IQ10429,welcome
IQ10431,welcome
IQ10433,welcome
IQ10435,welcome
IQ10437,welcome
IQ10439,welcome
IQ10441,welcome
IQ10443,welcome
IQ10445,welcome
IQ10446,welcome
IQ10449,welcome
IQ10451,welcome
IQ10453,welcome
IQ10455,welcome
IQ10457,welcome
IQ10459,welcome
IQ10461,welcome
IQ10463,welcome
IQ10465,welcome
IQ10467,welcome
IQ10469,welcome
IQ10471,welcome
IQ10473,welcome
IQ10475,welcome
IQ10477,welcome
IQ10479,welcome
IQ10481,welcome
IQ10483,welcome
IQ10485,welcome
IQ10487,welcome
IQ10489,welcome
IQ10491,welcome
IQ10493,welcome
IQ10495,welcome
IQ10497,welcome
IQ10499,welcome
IQ10501,welcome
IQ10503,welcome
IQ10505,welcome
IQ10507,welcome
IQ10509,welcome
IQ10511,welcome
IQ10513,welcome
IQ10515,welcome
IQ10517,welcome
IQ10519,welcome
IQ10521,welcome
IQ10523,welcome
IQ10525,welcome
IQ10527,welcome
IQ10531,welcome
IQ10533,welcome
IQ10535,welcome
IQ10537,welcome
IQ10539,welcome
IQ10541,welcome
IQ10543,welcome
IQ10545,welcome
IQ10547,welcome
IQ10551,welcome
IQ10553,welcome
IQ10555,welcome
IQ10557,welcome
IQ10559,welcome
IQ10561,welcome
IQ10563,welcome
IQ10565,welcome
IQ10567,welcome
IQ10569,welcome
IQ10571,welcome
IQ10573,welcome
IQ10575,welcome
IQ10577,welcome
IQ10579,welcome
IQ10581,welcome
IQ10583,welcome
IQ10585,welcome
IQ10587,welcome
IQ10589,welcome
IQ10591,welcome
IQ10593,welcome
IQ10595,welcome
IQ10597,welcome
IQ10599,welcome
IQ10601,welcome
IQ10603,welcome
IQ10605,welcome
IQ10607,welcome
IQ10609,welcome
IQ10611,welcome
IQ10613,welcome
IQ10615,welcome
IQ10617,welcome
IQ10619,welcome
IQ10621,welcome
IQ10623,welcome
IQ10625,welcome
IQ10627,welcome
IQ10630,welcome
IQ10632,welcome
IQ10634,welcome
IQ10636,welcome
IQ10638,welcome
IQ10640,welcome
IQ10642,welcome
IQ10644,welcome
IQ10646,welcome
IQ10648,welcome
IQ10650,welcome
IQ10652,welcome
IQ10654,welcome
IQ10656,welcome
IQ10658,welcome
IQ10660,welcome
IQ10662,welcome
IQ10664,welcome
IQ10668,welcome
IQ10670,welcome
IQ10672,welcome
IQ10674,welcome
IQ10676,welcome
IQ10678,welcome
IQ10680,welcome
IQ10682,welcome
IQ10684,welcome
IQ10686,welcome
IQ10688,welcome
IQ10690,welcome
IQ10696,welcome
IQ10701,welcome
IQ10706,welcome
IQ10708,welcome
IQ10710,welcome
IQ10712,welcome
IQ10714,welcome
IQ10716,welcome
IQ10718,welcome
IQ10720,welcome
IQ10722,welcome
IQ10724,welcome
IQ10726,welcome
IQ10728,welcome
IQ10730,welcome
IQ10732,welcome
IQ10733,welcome
IQ10734,welcome
IQ10738,welcome
IQ10740,welcome
IQ10742,welcome
IQ10744,welcome
IQ10746,welcome
IQ10748,welcome
IQ10750,welcome
IQ10752,welcome
IQ10754,welcome
IQ10756,welcome
IQ10758,welcome
IQ10760,welcome
IQ10762,welcome
IQ10763,welcome
IQ10766,welcome
IQ10768,welcome
IQ10770,welcome
IQ10772,welcome
IQ10776,welcome
IQ10778,welcome
IQ10780,welcome
IQ10782,welcome
IQ10784,welcome
IQ10788,welcome
IQ10790,welcome
IQ10792,welcome
IQ10794,welcome
IQ10796,welcome
IQ10798,welcome
IQ10800,welcome
IQ10802,welcome
IQ10806,welcome
IQ10808,welcome
IQ10810,welcome
IQ10812,welcome
IQ10814,welcome
IQ10816,welcome
IQ10818,welcome
IQ10820,welcome
IQ10822,welcome
IQ10826,welcome
IQ10828,welcome
IQ10830,welcome
IQ10832,welcome
IQ10834,welcome
IQ10836,welcome
IQ10838,welcome
IQ10840,welcome
IQ10842,welcome
IQ10844,welcome
IQ10848,welcome
IQ10850,welcome
IQ10852,welcome
IQ10854,welcome
IQ10856,welcome
IQ10858,welcome
IQ10860,welcome
IQ10861,welcome
IQ10864,welcome
IQ10866,welcome
IQ10868,welcome
IQ10870,welcome
IQ10872,welcome
IQ10874,welcome
IQ10876,welcome
IQ10878,welcome
IQ10880,welcome
IQ10882,welcome
IQ10884,welcome
IQ10886,welcome
IQ10888,welcome
IQ10890,welcome
IQ10892,welcome
IQ10894,welcome
IQ10896,welcome
IQ10898,welcome
IQ10900,welcome
IQ10902,welcome
IQ10904,welcome
IQ10906,welcome
IQ10908,welcome
IQ10910,welcome
IQ10912,welcome
IQ10918,welcome
IQ10922,welcome
IQ10924,welcome
IQ10926,welcome
IQ10934,welcome
IQ10940,welcome
IQ10942,welcome
IQ10948,welcome
IQ10950,welcome
IQ10956,welcome
IQ10962,welcome
IQ10964,welcome
IQ10968,welcome
IQ10972,welcome
IQ10976,welcome
IQ10978,welcome
IQ10980,welcome
IQ10985,welcome
IQ10992,welcome
IQ10994,welcome
IQ10998,welcome
IQ11000,welcome
IQ11004,welcome
IQ11012,welcome
IQ11014,welcome
IQ11016,welcome
IQ11018,welcome
IQ11024,welcome
IQ11028,welcome
IQ11030,welcome
IQ11034,welcome
IQ11036,welcome
IQ11042,welcome
IQ11046,welcome
IQ11050,welcome
IQ11054,welcome
IQ11056,welcome
IQ11059,welcome
IQ11064,welcome
IQ11068,welcome
IQ11076,welcome
IQ11078,welcome
IQ11082,welcome
IQ11088,welcome
IQ11093,welcome
IQ11095,welcome
IQ11097,welcome
IQ11099,welcome
IQ11101,welcome
IQ11105,welcome
IQ11107,welcome
IQ11109,welcome
IQ11110,welcome
IQ11113,welcome
IQ11117,welcome
IQ11123,welcome
IQ11125,welcome
IQ11127,welcome
IQ11129,welcome
IQ11131,welcome
IQ11133,welcome
IQ11137,welcome
IQ11139,welcome
IQ11141,welcome
IQ11147,welcome
IQ11151,welcome
IQ11153,welcome
IQ11156,welcome
IQ11159,welcome
IQ11161,welcome
IQ11163,welcome
IQ11165,welcome
IQ11167,welcome
IQ11169,welcome
IQ11170,welcome
IQ11173,welcome
IQ11175,welcome
IQ11177,welcome
IQ11179,welcome
IQ11181,welcome
IQ11183,welcome
IQ11185,welcome
IQ11187,welcome
IQ11191,welcome
IQ11195,welcome
IQ11197,welcome
IQ11199,welcome
IQ11201,welcome
IQ11203,welcome
IQ11205,welcome
IQ11206,welcome
IQ11208,welcome
IQ11210,welcome
IQ11213,welcome
IQ11215,welcome
IQ11216,welcome
IQ11219,welcome
IQ11221,welcome
IQ11223,welcome
IQ11225,welcome
IQ11227,welcome
IQ11229,welcome
IQ11231,welcome
IQ11233,welcome
IQ11235,welcome
IQ11237,welcome
IQ11239,welcome
IQ11241,welcome
IQ11243,welcome
IQ11245,welcome
IQ11247,welcome
IQ11249,welcome
IQ11251,welcome
IQ11253,welcome
IQ11255,welcome
IQ11259,welcome
IQ11261,welcome
IQ11264,welcome
IQ11267,welcome
IQ11269,welcome
IQ11271,welcome
IQ11272,welcome
IQ11275,welcome
IQ11277,welcome
IQ11279,welcome
IQ11281,welcome
IQ11285,welcome
IQ11287,welcome
IQ11289,welcome
IQ11291,welcome
IQ11293,welcome
IQ11295,welcome
IQ11297,welcome
IQ11299,welcome
IQ11303,welcome
IQ11305,welcome
IQ11307,welcome
IQ11309,welcome
IQ11311,welcome
IQ11313,welcome
IQ11315,welcome
IQ11317,welcome
IQ11319,welcome
IQ11323,welcome
IQ11325,welcome
IQ11327,welcome
IQ11329,welcome
IQ11331,welcome
IQ11333,welcome
IQ11335,welcome
IQ11337,welcome
IQ11339,welcome
IQ11341,welcome
IQ11343,welcome
IQ11345,welcome
IQ11347,welcome
IQ11349,welcome
IQ11351,welcome
IQ11353,welcome
IQ11355,welcome
IQ11357,welcome
IQ11359,welcome
IQ11361,welcome
IQ11363,welcome
IQ11365,welcome
IQ11367,welcome
IQ11369,welcome
IQ11371,welcome
IQ11373,welcome
IQ11375,welcome
IQ11377,welcome
IQ11378,welcome
IQ11381,welcome
IQ11383,welcome
IQ11385,welcome
IQ11387,welcome
IQ11389,welcome
IQ11391,welcome
IQ11393,welcome
IQ11395,welcome
IQ11397,welcome
IQ11399,welcome
IQ11401,welcome
IQ11403,welcome
IQ11405,welcome
IQ11407,welcome
IQ11409,welcome
IQ11411,welcome
IQ11413,welcome
IQ11415,welcome
IQ11417,welcome
IQ11419,welcome
IQ11421,welcome
IQ11423,welcome
IQ11425,welcome
IQ11427,welcome
IQ11429,welcome
IQ11431,welcome
IQ11433,welcome
IQ11435,welcome
IQ11437,welcome
IQ11439,welcome
IQ11441,welcome
IQ11443,welcome
IQ11445,welcome
IQ11446,welcome
IQ11449,welcome
IQ11451,welcome
IQ11453,welcome
IQ11455,welcome
IQ11456,welcome
IQ11459,welcome
IQ11461,welcome
IQ11463,welcome
IQ11465,welcome
IQ11467,welcome
IQ11469,welcome
IQ11471,welcome
IQ11473,welcome
IQ11475,welcome
IQ11477,welcome
IQ11479,welcome
IQ11481,welcome
IQ11483,welcome
IQ11485,welcome
IQ11487,welcome
IQ11489,welcome
IQ11491,welcome
IQ11493,welcome
IQ11495,welcome
IQ11497,welcome
IQ11499,welcome
IQ11501,welcome
IQ11503,welcome
IQ11507,welcome
IQ11509,welcome
IQ11511,welcome
IQ11513,welcome
IQ11515,welcome
IQ11517,welcome
IQ11519,welcome
IQ11521,welcome
IQ11523,welcome
IQ11525,welcome
IQ11527,welcome
IQ11529,welcome
IQ11531,welcome
IQ11533,welcome
IQ11535,welcome
IQ11537,welcome
IQ11539,welcome
IQ11543,welcome
IQ11545,welcome
IQ11547,welcome
IQ11549,welcome
IQ11551,welcome
IQ11553,welcome
IQ11555,welcome
IQ11559,welcome
IQ11561,welcome
IQ11563,welcome
IQ11565,welcome
IQ11567,welcome
IQ11569,welcome
IQ11571,welcome
IQ11575,welcome
IQ11579,welcome
IQ11583,welcome
IQ11585,welcome
IQ11600,welcome
IQ11602,welcome
IQ11604,welcome
IQ11606,welcome
IQ11618,welcome
IQ11622,welcome
IQ11630,welcome
IQ11636,welcome
IQ11642,welcome
IQ11650,welcome
IQ11654,welcome
IQ11656,welcome
IQ11658,welcome
IQ11660,welcome
IQ11664,welcome
IQ11670,welcome
IQ11673,welcome
IQ11680,welcome
IQ11683,welcome
IQ11691,welcome
IQ11695,welcome
IQ11697,welcome
IQ11700,welcome
IQ11702,welcome
IQ11706,welcome
IQ11712,welcome
IQ11714,welcome
IQ11718,welcome
IQ11728,welcome
IQ11746,welcome
IQ11748,welcome
IQ11750,welcome
IQ11752,welcome
IQ11754,welcome
IQ11758,welcome
IQ11760,welcome
IQ11766,welcome
IQ11774,welcome
IQ11776,welcome
IQ11778,welcome
IQ11780,welcome
IQ11782,welcome
IQ11784,welcome
IQ11790,welcome
IQ11794,welcome
IQ11798,welcome
IQ11800,welcome
IQ11806,welcome
IQ11808,welcome
IQ11822,welcome
IQ11826,welcome
IQ11828,welcome
IQ11830,welcome
IQ11833,welcome
IQ11838,welcome
IQ11840,welcome
IQ11857,welcome
IQ11876,welcome
IQ11904,welcome
IQ11908,welcome
IQ11926,welcome
IQ11932,welcome
IQ11980,welcome
IQ12017,welcome
IQ12033,welcome
IQ12035,welcome
IQ12071,welcome
IQ12099,welcome
IQ12124,welcome
IQ12127,welcome
IQ12161,welcome
IQ12177,welcome
IQ12306,welcome
IQ12342,welcome
IQ12362,welcome
IQ12510,welcome
IQ12606,welcome
IQ12814,welcome
IQ12972,welcome
IQ12973,welcome
IQ12975,welcome
IQ12977,welcome
IQ12978,welcome
IQ12979,welcome
IQ12982,welcome
IQ12983,welcome
IQ12986,welcome
IQ12988,welcome
IQ12990,welcome
IQ12992,welcome
IQ12996,welcome
IQ12998,welcome
IQ13000,welcome
IQ13002,welcome
IQ13004,welcome
IQ13007,welcome
IQ13009,welcome
IQ13015,welcome
IQ13017,welcome
IQ13021,welcome
IQ13023,welcome
IQ13024,welcome
IQ13028,welcome
IQ13029,welcome
IQ13031,welcome
IQ13033,welcome
IQ13035,welcome
IQ13039,welcome
IQ13040,welcome
IQ13041,welcome
IQ13048,welcome
IQ13049,welcome
IQ13050,welcome
IQ13052,welcome
IQ13054,welcome
IQ13055,welcome
IQ13060,welcome
IQ13063,welcome
IQ13064,welcome
IQ13067,welcome
IQ13068,welcome
IQ13069,welcome
IQ13070,welcome
IQ13073,welcome
IQ13078,welcome
IQ13079,welcome
IQ13080,welcome
IQ13082,welcome
IQ13087,welcome
IQ13088,welcome
IQ13089,welcome
IQ13092,welcome
IQ13093,welcome
IQ13096,welcome
IQ13099,welcome
IQ13100,welcome
IQ13102,welcome
IQ13103,welcome
IQ13104,welcome
IQ13106,welcome
IQ13109,welcome
IQ13111,welcome
IQ13113,welcome
IQ13117,welcome
IQ13119,welcome
IQ13121,welcome
IQ13124,welcome
IQ13126,welcome
IQ13128,welcome
IQ13130,welcome
IQ13133,welcome
IQ13138,welcome
IQ13140,welcome
IQ13141,welcome
IQ13150,welcome
IQ13152,welcome
IQ13155,welcome
IQ13157,welcome
IQ13158,welcome
IQ13165,welcome
IQ13166,welcome
IQ13167,welcome
IQ13168,welcome
IQ13170,welcome
IQ13175,welcome
IQ13176,welcome
IQ13177,welcome
IQ13182,welcome
IQ13183,welcome
IQ13185,welcome
IQ13191,welcome
IQ13192,welcome
IQ13195,welcome
IQ13196,welcome
IQ13202,welcome
IQ13208,welcome
IQ13210,welcome
IQ13214,welcome
IQ13228,welcome
IQ13230,welcome
IQ13231,welcome
IQ13235,welcome
IQ13237,welcome
IQ13239,welcome
IQ13240,welcome
IQ13246,welcome
IQ13249,welcome
IQ13261,welcome
IQ13263,welcome
IQ13266,welcome
IQ13269,welcome
IQ13278,welcome
IQ13282,welcome
IQ13283,welcome
IQ13293,welcome
IQ13294,welcome
IQ13300,welcome
IQ13301,welcome
IQ13305,welcome
IQ13310,welcome
IQ13312,welcome
IQ13317,welcome
IQ13321,welcome
IQ13324,welcome
IQ13326,welcome
IQ13328,welcome
IQ13331,welcome
IQ13333,welcome
IQ13336,welcome
IQ13339,welcome
IQ13343,welcome
IQ13345,welcome
IQ13348,welcome
IQ13360,welcome
IQ13363,welcome
IQ13366,welcome
IQ13381,welcome
IQ13385,welcome
IQ13392,welcome
IQ13394,welcome
IQ13406,welcome
IQ13418,welcome
IQ13419,welcome
IQ13433,welcome
IQ13436,welcome
IQ13442,welcome
IQ13443,welcome
IQ13446,welcome
IQ13449,welcome
IQ13452,welcome
IQ13458,welcome
IQ13459,welcome
IQ13468,welcome
IQ13470,welcome
IQ13472,welcome
IQ13473,welcome
IQ13475,welcome
IQ13480,welcome
IQ13481,welcome
IQ13482,welcome
IQ13484,welcome
IQ13485,welcome
IQ13501,welcome
IQ13502,welcome
IQ13505,welcome
IQ13506,welcome
IQ13508,welcome
IQ13521,welcome
IQ13526,welcome
IQ13536,welcome
IQ13537,welcome
IQ13550,welcome
IQ13552,welcome
IQ13556,welcome
IQ13557,welcome
IQ13559,welcome
IQ13566,welcome
IQ13568,welcome
IQ13591,welcome
IQ13597,welcome
IQ13621,welcome
IQ13652,welcome
IQ13654,welcome
IQ13667,welcome
IQ13671,welcome
IQ13674,welcome
IQ13682,welcome
IQ13686,welcome
IQ13689,welcome
IQ13693,welcome
IQ13700,welcome
IQ13711,welcome
IQ13720,welcome
IQ13731,welcome
IQ13779,welcome
IQ13935,welcome
IQ13937,welcome
IQ13939,welcome
IQ13941,welcome
IQ13943,welcome
IQ13945,welcome
IQ13948,welcome
IQ13950,welcome
IQ13951,welcome
IQ13953,welcome
IQ13955,welcome
IQ13956,welcome
IQ13958,welcome
IQ13960,welcome
IQ13961,welcome
IQ13964,welcome
IQ13966,welcome
IQ13969,welcome
IQ13971,welcome
IQ13973,welcome
IQ13974,welcome
IQ13976,welcome
IQ13978,welcome
IQ13979,welcome
IQ13980,welcome
IQ13981,welcome
IQ13984,welcome
IQ13985,welcome
IQ13989,welcome
IQ13990,welcome
IQ13992,welcome
IQ13994,welcome
IQ13998,welcome
IQ13999,welcome
IQ14002,welcome
IQ14004,welcome
IQ14005,welcome
IQ14008,welcome
IQ14010,welcome
IQ14011,welcome
IQ14012,welcome
IQ14013,welcome
IQ14018,welcome
IQ14020,welcome
IQ14024,welcome
IQ14025,welcome
IQ14030,welcome
IQ14031,welcome
IQ14032,welcome
IQ14034,welcome
IQ14035,welcome
IQ14036,welcome
IQ14037,welcome
IQ14038,welcome
IQ14039,welcome
IQ14040,welcome
IQ14041,welcome
IQ14043,welcome
IQ14044,welcome
IQ14053,welcome
IQ14057,welcome
IQ14058,welcome
IQ14064,welcome
IQ14065,welcome
IQ14066,welcome
IQ14068,welcome
IQ14069,welcome
IQ14071,welcome
IQ14074,welcome
IQ14075,welcome
IQ14077,welcome
IQ14078,welcome
IQ14079,welcome
IQ14083,welcome
IQ14085,welcome
IQ14086,welcome
IQ14087,welcome
IQ14088,welcome
IQ14090,welcome
IQ14091,welcome
IQ14092,welcome
IQ14094,welcome
IQ14096,welcome
IQ14097,welcome
IQ14098,welcome
IQ14099,welcome
IQ14100,welcome
IQ14101,welcome
IQ14103,welcome
IQ14104,welcome
IQ14105,welcome
IQ14110,welcome
IQ14111,welcome
IQ14119,welcome
IQ14122,welcome
IQ14124,welcome
IQ14128,welcome
IQ14130,welcome
IQ14131,welcome
IQ14135,welcome
IQ14137,welcome
IQ14140,welcome
IQ14142,welcome
IQ14144,welcome
IQ14145,welcome
IQ14146,welcome
IQ14148,welcome
IQ14149,welcome
IQ14152,welcome
IQ14163,welcome
IQ14168,welcome
IQ14169,welcome
IQ14170,welcome
IQ14171,welcome
IQ14172,welcome
IQ14173,welcome
IQ14174,welcome
IQ14179,welcome
IQ14182,welcome
IQ14185,welcome
IQ14186,welcome
IQ14187,welcome
IQ14191,welcome
IQ14196,welcome
IQ14197,welcome
IQ14201,welcome
IQ14204,welcome
IQ14207,welcome
IQ14209,welcome
IQ14211,welcome
IQ14213,welcome
IQ14215,welcome
IQ14219,welcome
IQ14221,welcome
IQ14223,welcome
IQ14224,welcome
IQ14225,welcome
IQ14230,welcome
IQ14232,welcome
IQ14234,welcome
IQ14236,welcome
IQ14238,welcome
IQ14242,welcome
IQ14245,welcome
IQ14249,welcome
IQ14251,welcome
IQ14253,welcome
IQ14257,welcome
IQ14259,welcome
IQ14261,welcome
IQ14263,welcome
IQ14266,welcome
IQ14269,welcome
IQ14271,welcome
IQ14273,welcome
,
,
,
,
,
,
,
,
,
,
,
,
,
,
,
,
,
,
,
,
,
,
,
,
,
,
,
,
,
,
,
,
,
,
,
,
,
,
,
,
,
,
,
,
,
,
,
,
,
,
,
,
,
,
,
,
,
,
,
,
,
,
,
,
,
,
,
,
,
,
,
,
,
,
,
,
,
,
,
,
,
,
,
,
,
,
,
,
,
,
,
,
,
,
,
,
,
,
,
,
,
,
,
,
,
,
,
,
,
,
,
,
,
,
,
,
,
,
,
,
,
,
,
,
,
,
,
,
,
,
,
,
,
,
,
,
,
,
,
,
,
,
,
,
,
,
,
,
,
,
,
,
,
,
,
,
,
,
,
,
,
,
,
,
,
,
,
,
,
,
,
,
,
,
,
,
,
,
,
,
,
,
,
,
,
,
,
,
,
,
,
,
,
,
,
,
,
,
,
,
,
,
,
,
,
,
,
,
,
,
,
,
,
,
,
,
,
,
,
,
,
,
,
,
,
,
,
,
,
,
,
,
,
,
,
,
,
,
,
,
,
,
,
,
,
,
,
,
,
,
,
,
,
,
,
,
,
,
,
,
,
,
,
,
,
,
,
,
,
,
,
,
,
,
,
,
,
,
,
,
,
,
,
,
,
,
,
,
,
,
,
,
,
,
,
,
,
,
,
,
,
,
,
,
,
,
,
,
,
,
,
,
,
,
,
,
,
,
,
,
,
,
,
,
,
,
,
,
,
,
,
,
,
,
,
,
,
,
,
,
,
,
,
,
,
,
,
,
,
,
,
,
,
,
,
,
,
,
,
,
,
,
,
,
,
,
,
,
,
,
,
,
,
,
,
,
,
,
,
,
,
,
,
,
,
,
,
,
,
,
,
,
,
,
,
,
,
,
,
,
,
,
,
,
,
,
,
,
,
,
,
,
,
,
,
,
,
,
,
,
,
,
,
,
,
,
,
,
,
,
,
,
,
,
,
,
,
,
,
,
,
,
,
,
,
,
,
,
,
,
,
,
,
,
,
,
,
,
,
,
,
,
,
,
,
,
,
,
,
,
,
,
,
,
,
,
,
,
,
,
,
,
,
,
,
,
,
,
,
,
,
,
,
,
,
,
,
,
,
,
,
,
,
,
,
,
,
,
,
,
,
,
,
,
,
,
,
,
,
,
,
,
,
,
,
,
,
,
,
,
,
,
,
,
,
,
,
,
,
,
,
,
,
,
,
,
,
,
,
,
,
,
,
,
,
,
,
,
,
,
,
,
,
,
,
,
,
,
,
,
,
,
,
,
,
,
,
,
,
,
,
,
,
,
,
,
,
,
,
,
,
,
,
,
,
,
,
,
,
,
,
,
,
,
,
,
,
,
,
,
,
,
,
,
,
,
,
,
,
,
,
,
,
,
,
,
,
,
,
,
,
,
,
,
,
,
,
,
,
,
,
,
,
,
,
,
,
,
,
,
,
,
,
,
,
,
,
,
,
,
,
,
,
,
,
,
,
,
,
,
,
,
,
,
,
,
,
,
,
,
,
,
,
,
,
,
,
,
,
,
,
,
,
,
,
,
,
,
,
,
,
,
,
,
,
,
,
,
,
,
,
,
,
,
,
,
,
,
,
,
,
,
,
,
,
,
,
,
,
,
,
,
,
,
,
,
,
,
,
,
,
,
,
,
,
,
,
