LoginName,FirstName,LastName,PhnNum,Email,Password,ConPass
loginname233,firstname246,lastname246,5944951051,pk02@gmail.com,welcome,welcome
loginname234,firstname247,lastname247,5936688793,pk03@gmail.com,welcome,welcome
loginname235,firstname248,lastname248,5928426535,pk04@gmail.com,welcome,welcome
loginname236,firstname249,lastname249,5920164278,pk05@gmail.com,welcome,welcome
loginname237,firstname250,lastname250,5911902020,pk03@gmail.com,welcome,welcome
loginname238,firstname251,lastname251,5903639762,pk04@gmail.com,welcome,welcome
loginname239,firstname252,lastname252,5895377504,pk05@gmail.com,welcome,welcome
loginname240,firstname253,lastname253,5887115247,pk01@gmail.com,welcome,welcome
loginname241,firstname254,lastname254,5878852989,pk02@gmail.com,welcome,welcome
loginname242,firstname255,lastname255,5870590731,pk03@gmail.com,welcome,welcome
loginname243,firstname256,lastname256,5862328474,pk04@gmail.com,welcome,welcome
loginname244,firstname257,lastname257,5854066216,pk05@gmail.com,welcome,welcome
loginname245,firstname258,lastname258,5845803958,pk03@gmail.com,welcome,welcome
loginname246,firstname259,lastname259,5837541701,pk04@gmail.com,welcome,welcome
loginname247,firstname260,lastname260,5829279443,pk05@gmail.com,welcome,welcome
loginname248,firstname261,lastname261,5821017185,pk01@gmail.com,welcome,welcome
loginname249,firstname262,lastname262,5812754928,pk02@gmail.com,welcome,welcome
loginname250,firstname263,lastname263,5804492670,pk03@gmail.com,welcome,welcome
loginname251,firstname264,lastname264,5796230412,pk04@gmail.com,welcome,welcome
loginname252,firstname265,lastname265,5787968155,pk05@gmail.com,welcome,welcome
loginname253,firstname266,lastname266,5779705897,pk03@gmail.com,welcome,welcome
loginname254,firstname267,lastname267,5771443639,pk04@gmail.com,welcome,welcome
loginname255,firstname268,lastname268,5763181381,pk05@gmail.com,welcome,welcome
loginname256,firstname269,lastname269,5754919124,pk01@gmail.com,welcome,welcome
loginname257,firstname270,lastname270,5746656866,pk02@gmail.com,welcome,welcome
loginname258,firstname271,lastname271,5738394608,pk03@gmail.com,welcome,welcome
loginname259,firstname272,lastname272,5730132351,pk04@gmail.com,welcome,welcome
loginname260,firstname273,lastname273,5721870093,pk05@gmail.com,welcome,welcome
loginname261,firstname274,lastname274,5713607835,pk03@gmail.com,welcome,welcome
loginname262,firstname275,lastname275,5705345578,pk04@gmail.com,welcome,welcome
loginname263,firstname276,lastname276,5697083320,pk05@gmail.com,welcome,welcome
loginname264,firstname277,lastname277,5688821062,pk01@gmail.com,welcome,welcome
loginname265,firstname278,lastname278,5680558805,pk02@gmail.com,welcome,welcome
loginname266,firstname279,lastname279,5672296547,pk03@gmail.com,welcome,welcome
loginname267,firstname280,lastname280,5664034289,pk04@gmail.com,welcome,welcome
loginname268,firstname281,lastname281,5655772032,pk05@gmail.com,welcome,welcome
loginname269,firstname282,lastname282,5647509774,pk03@gmail.com,welcome,welcome
loginname270,firstname283,lastname283,5639247516,pk04@gmail.com,welcome,welcome
loginname271,firstname284,lastname284,5630985259,pk05@gmail.com,welcome,welcome
loginname272,firstname285,lastname285,5622723001,pk01@gmail.com,welcome,welcome
loginname273,firstname286,lastname286,5614460743,pk02@gmail.com,welcome,welcome
loginname274,firstname287,lastname287,5606198485,pk03@gmail.com,welcome,welcome
loginname275,firstname288,lastname288,5597936228,pk04@gmail.com,welcome,welcome
loginname276,firstname289,lastname289,5589673970,pk05@gmail.com,welcome,welcome
loginname277,firstname290,lastname290,5581411712,pk03@gmail.com,welcome,welcome
loginname278,firstname291,lastname291,5573149455,pk04@gmail.com,welcome,welcome
loginname279,firstname292,lastname292,5564887197,pk05@gmail.com,welcome,welcome
loginname280,firstname293,lastname293,5556624939,pk01@gmail.com,welcome,welcome
loginname281,firstname294,lastname294,5548362682,pk02@gmail.com,welcome,welcome
loginname282,firstname295,lastname295,5540100424,pk03@gmail.com,welcome,welcome
loginname283,firstname296,lastname296,5531838166,pk04@gmail.com,welcome,welcome
loginname284,firstname297,lastname297,5523575909,pk05@gmail.com,welcome,welcome
loginname285,firstname298,lastname298,5515313651,pk03@gmail.com,welcome,welcome
loginname286,firstname299,lastname299,5507051393,pk04@gmail.com,welcome,welcome
loginname287,firstname300,lastname300,5498789136,pk05@gmail.com,welcome,welcome
loginname288,firstname301,lastname301,5490526878,pk01@gmail.com,welcome,welcome
loginname289,firstname302,lastname302,5482264620,pk02@gmail.com,welcome,welcome
loginname290,firstname303,lastname303,5474002362,pk03@gmail.com,welcome,welcome
loginname291,firstname304,lastname304,5465740105,pk04@gmail.com,welcome,welcome
loginname292,firstname305,lastname305,5457477847,pk05@gmail.com,welcome,welcome
loginname293,firstname306,lastname306,5449215589,pk03@gmail.com,welcome,welcome
loginname294,firstname307,lastname307,5440953332,pk04@gmail.com,welcome,welcome
loginname295,firstname308,lastname308,5432691074,pk05@gmail.com,welcome,welcome
loginname296,firstname309,lastname309,5424428816,pk01@gmail.com,welcome,welcome
loginname297,firstname310,lastname310,5416166559,pk02@gmail.com,welcome,welcome
loginname298,firstname311,lastname311,5407904301,pk03@gmail.com,welcome,welcome
loginname299,firstname312,lastname312,5399642043,pk04@gmail.com,welcome,welcome
loginname300,firstname313,lastname313,5391379786,pk05@gmail.com,welcome,welcome
loginname301,firstname314,lastname314,5383117528,pk03@gmail.com,welcome,welcome
loginname302,firstname315,lastname315,5374855270,pk04@gmail.com,welcome,welcome
loginname303,firstname316,lastname316,5366593013,pk05@gmail.com,welcome,welcome
loginname304,firstname317,lastname317,5358330755,pk01@gmail.com,welcome,welcome
loginname305,firstname318,lastname318,5350068497,pk02@gmail.com,welcome,welcome
loginname306,firstname319,lastname319,5341806240,pk03@gmail.com,welcome,welcome
loginname307,firstname320,lastname320,5333543982,pk04@gmail.com,welcome,welcome
loginname308,firstname321,lastname321,5325281724,pk05@gmail.com,welcome,welcome
loginname309,firstname322,lastname322,5317019466,pk03@gmail.com,welcome,welcome
loginname310,firstname323,lastname323,5308757209,pk04@gmail.com,welcome,welcome
loginname311,firstname324,lastname324,5300494951,pk05@gmail.com,welcome,welcome
loginname312,firstname325,lastname325,5292232693,pk01@gmail.com,welcome,welcome
loginname313,firstname326,lastname326,5283970436,pk02@gmail.com,welcome,welcome
loginname314,firstname327,lastname327,5275708178,pk03@gmail.com,welcome,welcome
loginname315,firstname328,lastname328,5267445920,pk04@gmail.com,welcome,welcome
loginname316,firstname329,lastname329,5259183663,pk05@gmail.com,welcome,welcome
loginname317,firstname330,lastname330,5250921405,pk03@gmail.com,welcome,welcome
loginname318,firstname331,lastname331,5242659147,pk04@gmail.com,welcome,welcome
loginname319,firstname332,lastname332,5234396890,pk05@gmail.com,welcome,welcome
loginname320,firstname333,lastname333,5226134632,pk01@gmail.com,welcome,welcome
loginname321,firstname334,lastname334,5217872374,pk02@gmail.com,welcome,welcome
loginname322,firstname335,lastname335,5209610117,pk03@gmail.com,welcome,welcome
loginname323,firstname336,lastname336,5201347859,pk04@gmail.com,welcome,welcome
loginname324,firstname337,lastname337,5193085601,pk05@gmail.com,welcome,welcome
loginname325,firstname338,lastname338,5184823343,pk03@gmail.com,welcome,welcome
loginname326,firstname339,lastname339,5176561086,pk04@gmail.com,welcome,welcome
loginname327,firstname340,lastname340,5168298828,pk05@gmail.com,welcome,welcome
loginname328,firstname341,lastname341,5160036570,pk01@gmail.com,welcome,welcome
loginname329,firstname342,lastname342,5151774313,pk02@gmail.com,welcome,welcome
loginname330,firstname343,lastname343,5143512055,pk03@gmail.com,welcome,welcome
loginname331,firstname344,lastname344,5135249797,pk04@gmail.com,welcome,welcome
loginname332,firstname345,lastname345,5126987540,pk05@gmail.com,welcome,welcome
loginname333,firstname346,lastname346,5118725282,pk03@gmail.com,welcome,welcome
loginname334,firstname347,lastname347,5110463024,pk04@gmail.com,welcome,welcome
loginname335,firstname348,lastname348,5102200767,pk05@gmail.com,welcome,welcome
loginname336,firstname349,lastname349,5093938509,pk01@gmail.com,welcome,welcome
loginname337,firstname350,lastname350,5085676251,pk02@gmail.com,welcome,welcome
loginname338,firstname351,lastname351,5077413994,pk03@gmail.com,welcome,welcome
loginname339,firstname352,lastname352,5069151736,pk04@gmail.com,welcome,welcome
loginname340,firstname353,lastname353,5060889478,pk05@gmail.com,welcome,welcome
loginname341,firstname354,lastname354,5052627221,pk03@gmail.com,welcome,welcome
loginname342,firstname355,lastname355,5044364963,pk04@gmail.com,welcome,welcome
loginname343,firstname356,lastname356,5036102705,pk05@gmail.com,welcome,welcome
loginname344,firstname357,lastname357,5027840447,pk01@gmail.com,welcome,welcome
loginname345,firstname358,lastname358,5019578190,pk02@gmail.com,welcome,welcome
loginname346,firstname359,lastname359,5011315932,pk03@gmail.com,welcome,welcome
loginname347,firstname360,lastname360,5003053674,pk04@gmail.com,welcome,welcome
loginname348,firstname361,lastname361,4994791417,pk05@gmail.com,welcome,welcome
loginname349,firstname362,lastname362,4986529159,pk03@gmail.com,welcome,welcome
loginname350,firstname363,lastname363,4978266901,pk04@gmail.com,welcome,welcome
loginname351,firstname364,lastname364,4970004644,pk05@gmail.com,welcome,welcome
loginname352,firstname365,lastname365,4961742386,pk01@gmail.com,welcome,welcome
loginname353,firstname366,lastname366,4953480128,pk02@gmail.com,welcome,welcome
loginname354,firstname367,lastname367,4945217871,pk03@gmail.com,welcome,welcome
loginname355,firstname368,lastname368,4936955613,pk04@gmail.com,welcome,welcome
loginname356,firstname369,lastname369,4928693355,pk05@gmail.com,welcome,welcome
loginname357,firstname370,lastname370,4920431098,pk03@gmail.com,welcome,welcome
loginname358,firstname371,lastname371,4912168840,pk04@gmail.com,welcome,welcome
loginname359,firstname372,lastname372,4903906582,pk05@gmail.com,welcome,welcome
loginname360,firstname373,lastname373,4895644324,pk01@gmail.com,welcome,welcome
loginname361,firstname374,lastname374,4887382067,pk02@gmail.com,welcome,welcome
loginname362,firstname375,lastname375,4879119809,pk03@gmail.com,welcome,welcome
loginname363,firstname376,lastname376,4870857551,pk04@gmail.com,welcome,welcome
loginname364,firstname377,lastname377,4862595294,pk05@gmail.com,welcome,welcome
loginname365,firstname378,lastname378,4854333036,pk03@gmail.com,welcome,welcome
loginname366,firstname379,lastname379,4846070778,pk04@gmail.com,welcome,welcome
loginname367,firstname380,lastname380,4837808521,pk05@gmail.com,welcome,welcome
loginname368,firstname381,lastname381,4829546263,pk01@gmail.com,welcome,welcome
loginname369,firstname382,lastname382,4821284005,pk02@gmail.com,welcome,welcome
loginname370,firstname383,lastname383,4813021748,pk03@gmail.com,welcome,welcome
loginname371,firstname384,lastname384,4804759490,pk04@gmail.com,welcome,welcome
loginname372,firstname385,lastname385,4796497232,pk05@gmail.com,welcome,welcome
loginname373,firstname386,lastname386,4788234975,pk03@gmail.com,welcome,welcome
loginname374,firstname387,lastname387,4779972717,pk04@gmail.com,welcome,welcome
loginname375,firstname388,lastname388,4771710459,pk05@gmail.com,welcome,welcome
loginname376,firstname389,lastname389,4763448202,pk01@gmail.com,welcome,welcome
loginname377,firstname390,lastname390,4755185944,pk02@gmail.com,welcome,welcome
loginname378,firstname391,lastname391,4746923686,pk03@gmail.com,welcome,welcome
loginname379,firstname392,lastname392,4738661428,pk04@gmail.com,welcome,welcome
loginname380,firstname393,lastname393,4730399171,pk05@gmail.com,welcome,welcome
loginname381,firstname394,lastname394,4722136913,pk03@gmail.com,welcome,welcome
loginname382,firstname395,lastname395,4713874655,pk04@gmail.com,welcome,welcome
loginname383,firstname396,lastname396,4705612398,pk05@gmail.com,welcome,welcome
loginname384,firstname397,lastname397,4697350140,pk01@gmail.com,welcome,welcome
loginname385,firstname398,lastname398,4689087882,pk02@gmail.com,welcome,welcome
loginname386,firstname399,lastname399,4680825625,pk03@gmail.com,welcome,welcome
loginname387,firstname400,lastname400,4672563367,pk04@gmail.com,welcome,welcome
loginname388,firstname401,lastname401,4664301109,pk05@gmail.com,welcome,welcome
loginname389,firstname402,lastname402,4656038852,pk03@gmail.com,welcome,welcome
loginname390,firstname403,lastname403,4647776594,pk04@gmail.com,welcome,welcome
loginname391,firstname404,lastname404,4639514336,pk05@gmail.com,welcome,welcome
loginname392,firstname405,lastname405,4631252079,pk01@gmail.com,welcome,welcome
loginname393,firstname406,lastname406,4622989821,pk02@gmail.com,welcome,welcome
loginname394,firstname407,lastname407,4614727563,pk03@gmail.com,welcome,welcome
loginname395,firstname408,lastname408,4606465305,pk04@gmail.com,welcome,welcome
loginname396,firstname409,lastname409,4598203048,pk05@gmail.com,welcome,welcome
loginname397,firstname410,lastname410,4589940790,pk03@gmail.com,welcome,welcome
loginname398,firstname411,lastname411,4581678532,pk04@gmail.com,welcome,welcome
loginname399,firstname412,lastname412,4573416275,pk05@gmail.com,welcome,welcome
loginname400,firstname413,lastname413,4565154017,pk01@gmail.com,welcome,welcome
loginname401,firstname414,lastname414,4556891759,pk02@gmail.com,welcome,welcome
loginname402,firstname415,lastname415,4548629502,pk03@gmail.com,welcome,welcome
loginname403,firstname416,lastname416,4540367244,pk04@gmail.com,welcome,welcome
loginname404,firstname417,lastname417,4532104986,pk05@gmail.com,welcome,welcome
loginname405,firstname418,lastname418,4523842729,pk03@gmail.com,welcome,welcome
loginname406,firstname419,lastname419,4515580471,pk04@gmail.com,welcome,welcome
loginname407,firstname420,lastname420,4507318213,pk05@gmail.com,welcome,welcome
loginname408,firstname421,lastname421,4499055956,pk01@gmail.com,welcome,welcome
loginname409,firstname422,lastname422,4490793698,pk02@gmail.com,welcome,welcome
loginname410,firstname423,lastname423,4482531440,pk03@gmail.com,welcome,welcome
loginname411,firstname424,lastname424,4474269183,pk04@gmail.com,welcome,welcome
loginname412,firstname425,lastname425,4466006925,pk05@gmail.com,welcome,welcome
loginname413,firstname426,lastname426,4457744667,pk03@gmail.com,welcome,welcome
loginname414,firstname427,lastname427,4449482409,pk04@gmail.com,welcome,welcome
loginname415,firstname428,lastname428,4441220152,pk05@gmail.com,welcome,welcome
loginname416,firstname429,lastname429,4432957894,pk01@gmail.com,welcome,welcome
loginname417,firstname430,lastname430,4424695636,pk02@gmail.com,welcome,welcome
loginname418,firstname431,lastname431,4416433379,pk03@gmail.com,welcome,welcome
loginname419,firstname432,lastname432,4408171121,pk04@gmail.com,welcome,welcome
loginname420,firstname433,lastname433,4399908863,pk05@gmail.com,welcome,welcome
loginname421,firstname434,lastname434,4391646606,pk03@gmail.com,welcome,welcome
loginname422,firstname435,lastname435,4383384348,pk04@gmail.com,welcome,welcome
loginname423,firstname436,lastname436,4375122090,pk05@gmail.com,welcome,welcome
loginname424,firstname437,lastname437,4366859833,pk01@gmail.com,welcome,welcome
loginname425,firstname438,lastname438,4358597575,pk02@gmail.com,welcome,welcome
loginname426,firstname439,lastname439,4350335317,pk03@gmail.com,welcome,welcome
loginname427,firstname440,lastname440,4342073060,pk04@gmail.com,welcome,welcome
loginname428,firstname441,lastname441,4333810802,pk05@gmail.com,welcome,welcome
loginname429,firstname442,lastname442,4325548544,pk03@gmail.com,welcome,welcome
loginname430,firstname443,lastname443,4317286287,pk04@gmail.com,welcome,welcome
loginname431,firstname444,lastname444,4309024029,pk05@gmail.com,welcome,welcome
loginname432,firstname445,lastname445,4300761771,pk01@gmail.com,welcome,welcome
loginname433,firstname446,lastname446,4292499513,pk02@gmail.com,welcome,welcome
loginname434,firstname447,lastname447,4284237256,pk03@gmail.com,welcome,welcome
loginname435,firstname448,lastname448,4275974998,pk04@gmail.com,welcome,welcome
loginname436,firstname449,lastname449,4267712740,pk05@gmail.com,welcome,welcome
loginname437,firstname450,lastname450,4259450483,pk03@gmail.com,welcome,welcome
loginname438,firstname451,lastname451,4251188225,pk04@gmail.com,welcome,welcome
loginname439,firstname452,lastname452,4242925967,pk05@gmail.com,welcome,welcome
loginname440,firstname453,lastname453,4234663710,pk01@gmail.com,welcome,welcome
loginname441,firstname454,lastname454,4226401452,pk02@gmail.com,welcome,welcome
loginname442,firstname455,lastname455,4218139194,pk03@gmail.com,welcome,welcome
loginname443,firstname456,lastname456,4209876937,pk04@gmail.com,welcome,welcome
loginname444,firstname457,lastname457,4201614679,pk05@gmail.com,welcome,welcome
loginname445,firstname458,lastname458,4193352421,pk03@gmail.com,welcome,welcome
loginname446,firstname459,lastname459,4185090164,pk04@gmail.com,welcome,welcome
loginname447,firstname460,lastname460,4176827906,pk05@gmail.com,welcome,welcome
loginname448,firstname461,lastname461,4168565648,pk01@gmail.com,welcome,welcome
loginname449,firstname462,lastname462,4160303390,pk02@gmail.com,welcome,welcome
loginname450,firstname463,lastname463,4152041133,pk03@gmail.com,welcome,welcome
loginname451,firstname464,lastname464,4143778875,pk04@gmail.com,welcome,welcome
loginname452,firstname465,lastname465,4135516617,pk05@gmail.com,welcome,welcome
loginname453,firstname466,lastname466,4127254360,pk03@gmail.com,welcome,welcome
loginname454,firstname467,lastname467,4118992102,pk04@gmail.com,welcome,welcome
loginname455,firstname468,lastname468,4110729844,pk05@gmail.com,welcome,welcome
loginname456,firstname469,lastname469,4102467587,pk01@gmail.com,welcome,welcome
loginname457,firstname470,lastname470,4094205329,pk02@gmail.com,welcome,welcome
loginname458,firstname471,lastname471,4085943071,pk03@gmail.com,welcome,welcome
loginname459,firstname472,lastname472,4077680814,pk04@gmail.com,welcome,welcome
loginname460,firstname473,lastname473,4069418556,pk05@gmail.com,welcome,welcome
loginname461,firstname474,lastname474,4061156298,pk03@gmail.com,welcome,welcome
loginname462,firstname475,lastname475,4052894041,pk04@gmail.com,welcome,welcome
loginname463,firstname476,lastname476,4044631783,pk05@gmail.com,welcome,welcome
loginname464,firstname477,lastname477,4036369525,pk01@gmail.com,welcome,welcome
loginname465,firstname478,lastname478,4028107268,pk02@gmail.com,welcome,welcome
loginname466,firstname479,lastname479,4019845010,pk03@gmail.com,welcome,welcome
loginname467,firstname480,lastname480,4011582752,pk04@gmail.com,welcome,welcome
loginname468,firstname481,lastname481,4003320494,pk05@gmail.com,welcome,welcome
loginname469,firstname482,lastname482,3995058237,pk03@gmail.com,welcome,welcome
loginname470,firstname483,lastname483,3986795979,pk04@gmail.com,welcome,welcome
loginname471,firstname484,lastname484,3978533721,pk05@gmail.com,welcome,welcome
loginname472,firstname485,lastname485,3970271464,pk01@gmail.com,welcome,welcome
loginname473,firstname486,lastname486,3962009206,pk02@gmail.com,welcome,welcome
loginname474,firstname487,lastname487,3953746948,pk03@gmail.com,welcome,welcome
loginname475,firstname488,lastname488,3945484691,pk04@gmail.com,welcome,welcome
loginname476,firstname489,lastname489,3937222433,pk05@gmail.com,welcome,welcome
loginname477,firstname490,lastname490,3928960175,pk03@gmail.com,welcome,welcome
loginname478,firstname491,lastname491,3920697918,pk04@gmail.com,welcome,welcome
loginname479,firstname492,lastname492,3912435660,pk05@gmail.com,welcome,welcome
loginname480,firstname493,lastname493,3904173402,pk01@gmail.com,welcome,welcome
loginname481,firstname494,lastname494,3895911145,pk02@gmail.com,welcome,welcome
loginname482,firstname495,lastname495,3887648887,pk03@gmail.com,welcome,welcome
loginname483,firstname496,lastname496,3879386629,pk04@gmail.com,welcome,welcome
loginname484,firstname497,lastname497,3871124371,pk05@gmail.com,welcome,welcome
loginname485,firstname498,lastname498,3862862114,pk03@gmail.com,welcome,welcome
loginname486,firstname499,lastname499,3854599856,pk04@gmail.com,welcome,welcome
loginname487,firstname500,lastname500,3846337598,pk05@gmail.com,welcome,welcome
loginname488,firstname501,lastname501,3838075341,pk01@gmail.com,welcome,welcome
loginname489,firstname502,lastname502,3829813083,pk02@gmail.com,welcome,welcome
loginname490,firstname503,lastname503,3821550825,pk03@gmail.com,welcome,welcome
loginname491,firstname504,lastname504,3813288568,pk04@gmail.com,welcome,welcome
loginname492,firstname505,lastname505,3805026310,pk05@gmail.com,welcome,welcome
loginname493,firstname506,lastname506,3796764052,pk03@gmail.com,welcome,welcome
loginname494,firstname507,lastname507,3788501795,pk04@gmail.com,welcome,welcome
loginname495,firstname508,lastname508,3780239537,pk05@gmail.com,welcome,welcome
loginname496,firstname509,lastname509,3771977279,pk01@gmail.com,welcome,welcome
loginname497,firstname510,lastname510,3763715022,pk02@gmail.com,welcome,welcome
loginname498,firstname511,lastname511,3755452764,pk03@gmail.com,welcome,welcome
loginname499,firstname512,lastname512,3747190506,pk04@gmail.com,welcome,welcome
loginname500,firstname513,lastname513,3738928249,pk05@gmail.com,welcome,welcome
loginname501,firstname514,lastname514,3730665991,pk03@gmail.com,welcome,welcome
loginname502,firstname515,lastname515,3722403733,pk04@gmail.com,welcome,welcome
loginname503,firstname516,lastname516,3714141475,pk05@gmail.com,welcome,welcome
loginname504,firstname517,lastname517,3705879218,pk01@gmail.com,welcome,welcome
loginname505,firstname518,lastname518,3697616960,pk02@gmail.com,welcome,welcome
loginname506,firstname519,lastname519,3689354702,pk03@gmail.com,welcome,welcome
loginname507,firstname520,lastname520,3681092445,pk04@gmail.com,welcome,welcome
loginname508,firstname521,lastname521,3672830187,pk05@gmail.com,welcome,welcome
loginname509,firstname522,lastname522,3664567929,pk03@gmail.com,welcome,welcome
loginname510,firstname523,lastname523,3656305672,pk04@gmail.com,welcome,welcome
loginname511,firstname524,lastname524,3648043414,pk05@gmail.com,welcome,welcome
loginname512,firstname525,lastname525,3639781156,pk01@gmail.com,welcome,welcome
loginname513,firstname526,lastname526,3631518899,pk02@gmail.com,welcome,welcome
loginname514,firstname527,lastname527,3623256641,pk03@gmail.com,welcome,welcome
loginname515,firstname528,lastname528,3614994383,pk04@gmail.com,welcome,welcome
loginname516,firstname529,lastname529,3606732126,pk05@gmail.com,welcome,welcome
loginname517,firstname530,lastname530,3598469868,pk03@gmail.com,welcome,welcome
loginname518,firstname531,lastname531,3590207610,pk04@gmail.com,welcome,welcome
loginname519,firstname532,lastname532,3581945352,pk05@gmail.com,welcome,welcome
loginname520,firstname533,lastname533,3573683095,pk01@gmail.com,welcome,welcome
loginname521,firstname534,lastname534,3565420837,pk02@gmail.com,welcome,welcome
loginname522,firstname535,lastname535,3557158579,pk03@gmail.com,welcome,welcome
loginname523,firstname536,lastname536,3548896322,pk04@gmail.com,welcome,welcome
loginname524,firstname537,lastname537,3540634064,pk05@gmail.com,welcome,welcome
loginname525,firstname538,lastname538,3532371806,pk03@gmail.com,welcome,welcome
loginname526,firstname539,lastname539,3524109549,pk04@gmail.com,welcome,welcome
loginname527,firstname540,lastname540,3515847291,pk05@gmail.com,welcome,welcome
loginname528,firstname541,lastname541,3507585033,pk01@gmail.com,welcome,welcome
loginname529,firstname542,lastname542,3499322776,pk02@gmail.com,welcome,welcome
loginname530,firstname543,lastname543,3491060518,pk03@gmail.com,welcome,welcome
loginname531,firstname544,lastname544,3482798260,pk04@gmail.com,welcome,welcome
loginname532,firstname545,lastname545,3474536003,pk05@gmail.com,welcome,welcome
loginname533,firstname546,lastname546,3466273745,pk03@gmail.com,welcome,welcome
loginname534,firstname547,lastname547,3458011487,pk04@gmail.com,welcome,welcome
loginname535,firstname548,lastname548,3449749230,pk05@gmail.com,welcome,welcome
loginname536,firstname549,lastname549,3441486972,pk01@gmail.com,welcome,welcome
loginname537,firstname550,lastname550,3433224714,pk02@gmail.com,welcome,welcome
loginname538,firstname551,lastname551,3424962456,pk03@gmail.com,welcome,welcome
loginname539,firstname552,lastname552,3416700199,pk04@gmail.com,welcome,welcome
loginname540,firstname553,lastname553,3408437941,pk05@gmail.com,welcome,welcome
loginname541,firstname554,lastname554,3400175683,pk03@gmail.com,welcome,welcome
loginname542,firstname555,lastname555,3391913426,pk04@gmail.com,welcome,welcome
loginname543,firstname556,lastname556,3383651168,pk05@gmail.com,welcome,welcome
loginname544,firstname557,lastname557,3375388910,pk01@gmail.com,welcome,welcome
loginname545,firstname558,lastname558,3367126653,pk02@gmail.com,welcome,welcome
loginname546,firstname559,lastname559,3358864395,pk03@gmail.com,welcome,welcome
loginname547,firstname560,lastname560,3350602137,pk04@gmail.com,welcome,welcome
loginname548,firstname561,lastname561,3342339880,pk05@gmail.com,welcome,welcome
loginname549,firstname562,lastname562,3334077622,pk03@gmail.com,welcome,welcome
loginname550,firstname563,lastname563,3325815364,pk04@gmail.com,welcome,welcome
loginname551,firstname564,lastname564,3317553107,pk05@gmail.com,welcome,welcome
loginname552,firstname565,lastname565,3309290849,pk01@gmail.com,welcome,welcome
loginname553,firstname566,lastname566,3301028591,pk02@gmail.com,welcome,welcome
loginname554,firstname567,lastname567,3292766333,pk03@gmail.com,welcome,welcome
loginname555,firstname568,lastname568,3284504076,pk04@gmail.com,welcome,welcome
loginname556,firstname569,lastname569,3276241818,pk05@gmail.com,welcome,welcome
loginname557,firstname570,lastname570,3267979560,pk03@gmail.com,welcome,welcome
loginname558,firstname571,lastname571,3259717303,pk04@gmail.com,welcome,welcome
loginname559,firstname572,lastname572,3251455045,pk05@gmail.com,welcome,welcome
loginname560,firstname573,lastname573,3243192787,pk01@gmail.com,welcome,welcome
loginname561,firstname574,lastname574,3234930530,pk02@gmail.com,welcome,welcome
loginname562,firstname575,lastname575,3226668272,pk03@gmail.com,welcome,welcome
loginname563,firstname576,lastname576,3218406014,pk04@gmail.com,welcome,welcome
loginname564,firstname577,lastname577,3210143757,pk05@gmail.com,welcome,welcome
loginname565,firstname578,lastname578,3201881499,pk03@gmail.com,welcome,welcome
loginname566,firstname579,lastname579,3193619241,pk04@gmail.com,welcome,welcome
loginname567,firstname580,lastname580,3185356984,pk05@gmail.com,welcome,welcome
loginname568,firstname581,lastname581,3177094726,pk01@gmail.com,welcome,welcome
loginname569,firstname582,lastname582,3168832468,pk02@gmail.com,welcome,welcome
loginname570,firstname583,lastname583,3160570211,pk03@gmail.com,welcome,welcome
loginname571,firstname584,lastname584,3152307953,pk04@gmail.com,welcome,welcome
loginname572,firstname585,lastname585,3144045695,pk05@gmail.com,welcome,welcome
loginname573,firstname586,lastname586,3135783437,pk03@gmail.com,welcome,welcome
loginname574,firstname587,lastname587,3127521180,pk04@gmail.com,welcome,welcome
loginname575,firstname588,lastname588,3119258922,pk05@gmail.com,welcome,welcome
loginname576,firstname589,lastname589,3110996664,pk01@gmail.com,welcome,welcome
loginname577,firstname590,lastname590,3102734407,pk02@gmail.com,welcome,welcome
loginname578,firstname591,lastname591,3094472149,pk03@gmail.com,welcome,welcome
loginname579,firstname592,lastname592,3086209891,pk04@gmail.com,welcome,welcome
loginname580,firstname593,lastname593,3077947634,pk05@gmail.com,welcome,welcome
loginname581,firstname594,lastname594,3069685376,pk03@gmail.com,welcome,welcome
loginname582,firstname595,lastname595,3061423118,pk04@gmail.com,welcome,welcome
loginname583,firstname596,lastname596,3053160861,pk05@gmail.com,welcome,welcome
loginname584,firstname597,lastname597,3044898603,pk01@gmail.com,welcome,welcome
loginname585,firstname598,lastname598,3036636345,pk02@gmail.com,welcome,welcome
loginname586,firstname599,lastname599,3028374088,pk03@gmail.com,welcome,welcome
loginname587,firstname600,lastname600,3020111830,pk04@gmail.com,welcome,welcome
loginname588,firstname601,lastname601,3011849572,pk05@gmail.com,welcome,welcome
loginname589,firstname602,lastname602,3003587314,pk03@gmail.com,welcome,welcome
loginname590,firstname603,lastname603,2995325057,pk04@gmail.com,welcome,welcome
loginname591,firstname604,lastname604,2987062799,pk05@gmail.com,welcome,welcome
loginname592,firstname605,lastname605,2978800541,pk01@gmail.com,welcome,welcome
loginname593,firstname606,lastname606,2970538284,pk02@gmail.com,welcome,welcome
loginname594,firstname607,lastname607,2962276026,pk03@gmail.com,welcome,welcome
loginname595,firstname608,lastname608,2954013768,pk04@gmail.com,welcome,welcome
loginname596,firstname609,lastname609,2945751511,pk05@gmail.com,welcome,welcome
loginname597,firstname610,lastname610,2937489253,pk03@gmail.com,welcome,welcome
loginname598,firstname611,lastname611,2929226995,pk04@gmail.com,welcome,welcome
loginname599,firstname612,lastname612,2920964738,pk05@gmail.com,welcome,welcome
loginname600,firstname613,lastname613,2912702480,pk01@gmail.com,welcome,welcome
loginname601,firstname614,lastname614,2904440222,pk02@gmail.com,welcome,welcome
loginname602,firstname615,lastname615,2896177965,pk03@gmail.com,welcome,welcome
loginname603,firstname616,lastname616,2887915707,pk04@gmail.com,welcome,welcome
loginname604,firstname617,lastname617,2879653449,pk05@gmail.com,welcome,welcome
loginname605,firstname618,lastname618,2871391192,pk03@gmail.com,welcome,welcome
loginname606,firstname619,lastname619,2863128934,pk04@gmail.com,welcome,welcome
loginname607,firstname620,lastname620,2854866676,pk05@gmail.com,welcome,welcome
loginname608,firstname621,lastname621,2846604418,pk01@gmail.com,welcome,welcome
loginname609,firstname622,lastname622,2838342161,pk02@gmail.com,welcome,welcome
loginname610,firstname623,lastname623,2830079903,pk03@gmail.com,welcome,welcome
loginname611,firstname624,lastname624,2821817645,pk04@gmail.com,welcome,welcome
loginname612,firstname625,lastname625,2813555388,pk05@gmail.com,welcome,welcome
loginname613,firstname626,lastname626,2805293130,pk03@gmail.com,welcome,welcome
loginname614,firstname627,lastname627,2797030872,pk04@gmail.com,welcome,welcome
loginname615,firstname628,lastname628,2788768615,pk05@gmail.com,welcome,welcome
loginname616,firstname629,lastname629,2780506357,pk01@gmail.com,welcome,welcome
loginname617,firstname630,lastname630,2772244099,pk02@gmail.com,welcome,welcome
loginname618,firstname631,lastname631,2763981842,pk03@gmail.com,welcome,welcome
loginname619,firstname632,lastname632,2755719584,pk04@gmail.com,welcome,welcome
loginname620,firstname633,lastname633,2747457326,pk05@gmail.com,welcome,welcome
loginname621,firstname634,lastname634,2739195069,pk03@gmail.com,welcome,welcome
loginname622,firstname635,lastname635,2730932811,pk04@gmail.com,welcome,welcome
loginname623,firstname636,lastname636,2722670553,pk05@gmail.com,welcome,welcome
loginname624,firstname637,lastname637,2714408295,pk01@gmail.com,welcome,welcome
loginname625,firstname638,lastname638,2706146038,pk02@gmail.com,welcome,welcome
loginname626,firstname639,lastname639,2697883780,pk03@gmail.com,welcome,welcome
loginname627,firstname640,lastname640,2689621522,pk04@gmail.com,welcome,welcome
loginname628,firstname641,lastname641,2681359265,pk05@gmail.com,welcome,welcome
loginname629,firstname642,lastname642,2673097007,pk03@gmail.com,welcome,welcome
loginname630,firstname643,lastname643,2664834749,pk04@gmail.com,welcome,welcome
loginname631,firstname644,lastname644,2656572492,pk05@gmail.com,welcome,welcome
loginname632,firstname645,lastname645,2648310234,pk01@gmail.com,welcome,welcome
loginname633,firstname646,lastname646,2640047976,pk02@gmail.com,welcome,welcome
loginname634,firstname647,lastname647,2631785719,pk03@gmail.com,welcome,welcome
loginname635,firstname648,lastname648,2623523461,pk04@gmail.com,welcome,welcome
loginname636,firstname649,lastname649,2615261203,pk05@gmail.com,welcome,welcome
loginname637,firstname650,lastname650,2606998946,pk03@gmail.com,welcome,welcome
loginname638,firstname651,lastname651,2598736688,pk04@gmail.com,welcome,welcome
loginname639,firstname652,lastname652,2590474430,pk05@gmail.com,welcome,welcome
loginname640,firstname653,lastname653,2582212173,pk01@gmail.com,welcome,welcome
loginname641,firstname654,lastname654,2573949915,pk02@gmail.com,welcome,welcome
loginname642,firstname655,lastname655,2565687657,pk03@gmail.com,welcome,welcome
loginname643,firstname656,lastname656,2557425399,pk04@gmail.com,welcome,welcome
loginname644,firstname657,lastname657,2549163142,pk05@gmail.com,welcome,welcome
loginname645,firstname658,lastname658,2540900884,pk03@gmail.com,welcome,welcome
loginname646,firstname659,lastname659,2532638626,pk04@gmail.com,welcome,welcome
loginname647,firstname660,lastname660,2524376369,pk05@gmail.com,welcome,welcome
loginname648,firstname661,lastname661,2516114111,pk01@gmail.com,welcome,welcome
loginname649,firstname662,lastname662,2507851853,pk02@gmail.com,welcome,welcome
loginname650,firstname663,lastname663,2499589596,pk03@gmail.com,welcome,welcome
loginname651,firstname664,lastname664,2491327338,pk04@gmail.com,welcome,welcome
loginname652,firstname665,lastname665,2483065080,pk05@gmail.com,welcome,welcome
loginname653,firstname666,lastname666,2474802823,pk03@gmail.com,welcome,welcome
loginname654,firstname667,lastname667,2466540565,pk04@gmail.com,welcome,welcome
loginname655,firstname668,lastname668,2458278307,pk05@gmail.com,welcome,welcome
loginname656,firstname669,lastname669,2450016050,pk01@gmail.com,welcome,welcome
loginname657,firstname670,lastname670,2441753792,pk02@gmail.com,welcome,welcome
loginname658,firstname671,lastname671,2433491534,pk03@gmail.com,welcome,welcome
loginname659,firstname672,lastname672,2425229276,pk04@gmail.com,welcome,welcome
loginname660,firstname673,lastname673,2416967019,pk05@gmail.com,welcome,welcome
loginname661,firstname674,lastname674,2408704761,pk03@gmail.com,welcome,welcome
loginname662,firstname675,lastname675,2400442503,pk04@gmail.com,welcome,welcome
loginname663,firstname676,lastname676,2392180246,pk05@gmail.com,welcome,welcome
loginname664,firstname677,lastname677,2383917988,pk01@gmail.com,welcome,welcome
loginname665,firstname678,lastname678,2375655730,pk02@gmail.com,welcome,welcome
loginname666,firstname679,lastname679,2367393473,pk03@gmail.com,welcome,welcome
loginname667,firstname680,lastname680,2359131215,pk04@gmail.com,welcome,welcome
loginname668,firstname681,lastname681,2350868957,pk05@gmail.com,welcome,welcome
loginname669,firstname682,lastname682,2342606700,pk03@gmail.com,welcome,welcome
loginname670,firstname683,lastname683,2334344442,pk04@gmail.com,welcome,welcome
loginname671,firstname684,lastname684,2326082184,pk05@gmail.com,welcome,welcome
loginname672,firstname685,lastname685,2317819927,pk01@gmail.com,welcome,welcome
loginname673,firstname686,lastname686,2309557669,pk02@gmail.com,welcome,welcome
loginname674,firstname687,lastname687,2301295411,pk03@gmail.com,welcome,welcome
loginname675,firstname688,lastname688,2293033154,pk04@gmail.com,welcome,welcome
loginname676,firstname689,lastname689,2284770896,pk05@gmail.com,welcome,welcome
loginname677,firstname690,lastname690,2276508638,pk03@gmail.com,welcome,welcome
loginname678,firstname691,lastname691,2268246380,pk04@gmail.com,welcome,welcome
loginname679,firstname692,lastname692,2259984123,pk05@gmail.com,welcome,welcome
loginname680,firstname693,lastname693,2251721865,pk01@gmail.com,welcome,welcome
loginname681,firstname694,lastname694,2243459607,pk02@gmail.com,welcome,welcome
loginname682,firstname695,lastname695,2235197350,pk03@gmail.com,welcome,welcome
loginname683,firstname696,lastname696,2226935092,pk04@gmail.com,welcome,welcome
loginname684,firstname697,lastname697,2218672834,pk05@gmail.com,welcome,welcome
loginname685,firstname698,lastname698,2210410577,pk03@gmail.com,welcome,welcome
loginname686,firstname699,lastname699,2202148319,pk04@gmail.com,welcome,welcome
loginname687,firstname700,lastname700,2193886061,pk05@gmail.com,welcome,welcome
loginname688,firstname701,lastname701,2185623804,pk01@gmail.com,welcome,welcome
loginname689,firstname702,lastname702,2177361546,pk02@gmail.com,welcome,welcome
loginname690,firstname703,lastname703,2169099288,pk03@gmail.com,welcome,welcome
loginname691,firstname704,lastname704,2160837031,pk04@gmail.com,welcome,welcome
loginname692,firstname705,lastname705,2152574773,pk05@gmail.com,welcome,welcome
loginname693,firstname706,lastname706,2144312515,pk03@gmail.com,welcome,welcome
loginname694,firstname707,lastname707,2136050257,pk04@gmail.com,welcome,welcome
loginname695,firstname708,lastname708,2127788000,pk05@gmail.com,welcome,welcome
loginname696,firstname709,lastname709,2119525742,pk01@gmail.com,welcome,welcome
loginname697,firstname710,lastname710,2111263484,pk02@gmail.com,welcome,welcome
loginname698,firstname711,lastname711,2103001227,pk03@gmail.com,welcome,welcome
loginname699,firstname712,lastname712,2094738969,pk04@gmail.com,welcome,welcome
loginname700,firstname713,lastname713,2086476711,pk05@gmail.com,welcome,welcome
loginname701,firstname714,lastname714,2078214454,pk03@gmail.com,welcome,welcome
loginname702,firstname715,lastname715,2069952196,pk04@gmail.com,welcome,welcome
loginname703,firstname716,lastname716,2061689938,pk05@gmail.com,welcome,welcome
loginname704,firstname717,lastname717,2053427681,pk01@gmail.com,welcome,welcome
loginname705,firstname718,lastname718,2045165423,pk02@gmail.com,welcome,welcome
loginname706,firstname719,lastname719,2036903165,pk03@gmail.com,welcome,welcome
loginname707,firstname720,lastname720,2028640908,pk04@gmail.com,welcome,welcome
loginname708,firstname721,lastname721,2020378650,pk05@gmail.com,welcome,welcome
loginname709,firstname722,lastname722,2012116392,pk03@gmail.com,welcome,welcome
loginname710,firstname723,lastname723,2003854135,pk04@gmail.com,welcome,welcome
loginname711,firstname724,lastname724,1995591877,pk05@gmail.com,welcome,welcome
loginname712,firstname725,lastname725,1987329619,pk01@gmail.com,welcome,welcome
loginname713,firstname726,lastname726,1979067361,pk02@gmail.com,welcome,welcome
loginname714,firstname727,lastname727,1970805104,pk03@gmail.com,welcome,welcome
loginname715,firstname728,lastname728,1962542846,pk04@gmail.com,welcome,welcome
loginname716,firstname729,lastname729,1954280588,pk05@gmail.com,welcome,welcome
loginname717,firstname730,lastname730,1946018331,pk03@gmail.com,welcome,welcome
loginname718,firstname731,lastname731,1937756073,pk04@gmail.com,welcome,welcome
loginname719,firstname732,lastname732,1929493815,pk05@gmail.com,welcome,welcome
loginname720,firstname733,lastname733,1921231558,pk01@gmail.com,welcome,welcome
loginname721,firstname734,lastname734,1912969300,pk02@gmail.com,welcome,welcome
loginname722,firstname735,lastname735,1904707042,pk03@gmail.com,welcome,welcome
loginname723,firstname736,lastname736,1896444785,pk04@gmail.com,welcome,welcome
loginname724,firstname737,lastname737,1888182527,pk05@gmail.com,welcome,welcome
loginname725,firstname738,lastname738,1879920269,pk03@gmail.com,welcome,welcome
loginname726,firstname739,lastname739,1871658012,pk04@gmail.com,welcome,welcome
loginname727,firstname740,lastname740,1863395754,pk05@gmail.com,welcome,welcome
loginname728,firstname741,lastname741,1855133496,pk01@gmail.com,welcome,welcome
loginname729,firstname742,lastname742,1846871238,pk02@gmail.com,welcome,welcome
loginname730,firstname743,lastname743,1838608981,pk03@gmail.com,welcome,welcome
loginname731,firstname744,lastname744,1830346723,pk04@gmail.com,welcome,welcome
loginname732,firstname745,lastname745,1822084465,pk05@gmail.com,welcome,welcome
loginname733,firstname746,lastname746,1813822208,pk03@gmail.com,welcome,welcome
loginname734,firstname747,lastname747,1805559950,pk04@gmail.com,welcome,welcome
loginname735,firstname748,lastname748,1797297692,pk05@gmail.com,welcome,welcome
loginname736,firstname749,lastname749,1789035435,pk01@gmail.com,welcome,welcome
loginname737,firstname750,lastname750,1780773177,pk02@gmail.com,welcome,welcome
loginname738,firstname751,lastname751,1772510919,pk03@gmail.com,welcome,welcome
loginname739,firstname752,lastname752,1764248662,pk04@gmail.com,welcome,welcome
loginname740,firstname753,lastname753,1755986404,pk05@gmail.com,welcome,welcome
loginname741,firstname754,lastname754,1747724146,pk03@gmail.com,welcome,welcome
loginname742,firstname755,lastname755,1739461889,pk04@gmail.com,welcome,welcome
loginname743,firstname756,lastname756,1731199631,pk05@gmail.com,welcome,welcome
loginname744,firstname757,lastname757,1722937373,pk01@gmail.com,welcome,welcome
loginname745,firstname758,lastname758,1714675116,pk02@gmail.com,welcome,welcome
loginname746,firstname759,lastname759,1706412858,pk03@gmail.com,welcome,welcome
loginname747,firstname760,lastname760,1698150600,pk04@gmail.com,welcome,welcome
loginname748,firstname761,lastname761,1689888342,pk05@gmail.com,welcome,welcome
loginname749,firstname762,lastname762,1681626085,pk03@gmail.com,welcome,welcome
loginname750,firstname763,lastname763,1673363827,pk04@gmail.com,welcome,welcome
loginname751,firstname764,lastname764,1665101569,pk05@gmail.com,welcome,welcome
loginname752,firstname765,lastname765,1656839312,pk01@gmail.com,welcome,welcome
loginname753,firstname766,lastname766,1648577054,pk02@gmail.com,welcome,welcome
loginname754,firstname767,lastname767,1640314796,pk03@gmail.com,welcome,welcome
loginname755,firstname768,lastname768,1632052539,pk04@gmail.com,welcome,welcome
loginname756,firstname769,lastname769,1623790281,pk05@gmail.com,welcome,welcome
loginname757,firstname770,lastname770,1615528023,pk03@gmail.com,welcome,welcome
loginname758,firstname771,lastname771,1607265766,pk04@gmail.com,welcome,welcome
loginname759,firstname772,lastname772,1599003508,pk05@gmail.com,welcome,welcome
loginname760,firstname773,lastname773,1590741250,pk01@gmail.com,welcome,welcome
loginname761,firstname774,lastname774,1582478993,pk02@gmail.com,welcome,welcome
loginname762,firstname775,lastname775,1574216735,pk03@gmail.com,welcome,welcome
loginname763,firstname776,lastname776,1565954477,pk04@gmail.com,welcome,welcome
loginname764,firstname777,lastname777,1557692219,pk05@gmail.com,welcome,welcome
loginname765,firstname778,lastname778,1549429962,pk03@gmail.com,welcome,welcome
loginname766,firstname779,lastname779,1541167704,pk04@gmail.com,welcome,welcome
loginname767,firstname780,lastname780,1532905446,pk05@gmail.com,welcome,welcome
loginname768,firstname781,lastname781,1524643189,pk01@gmail.com,welcome,welcome
loginname769,firstname782,lastname782,1516380931,pk02@gmail.com,welcome,welcome
loginname770,firstname783,lastname783,1508118673,pk03@gmail.com,welcome,welcome
loginname771,firstname784,lastname784,1499856416,pk04@gmail.com,welcome,welcome
loginname772,firstname785,lastname785,1491594158,pk05@gmail.com,welcome,welcome
loginname773,firstname786,lastname786,1483331900,pk03@gmail.com,welcome,welcome
loginname774,firstname787,lastname787,1475069643,pk04@gmail.com,welcome,welcome
loginname775,firstname788,lastname788,1466807385,pk05@gmail.com,welcome,welcome
loginname776,firstname789,lastname789,1458545127,pk01@gmail.com,welcome,welcome
loginname777,firstname790,lastname790,1450282870,pk02@gmail.com,welcome,welcome
loginname778,firstname791,lastname791,1442020612,pk03@gmail.com,welcome,welcome
loginname779,firstname792,lastname792,1433758354,pk04@gmail.com,welcome,welcome
loginname780,firstname793,lastname793,1425496097,pk05@gmail.com,welcome,welcome
loginname781,firstname794,lastname794,1417233839,pk03@gmail.com,welcome,welcome
loginname782,firstname795,lastname795,1408971581,pk04@gmail.com,welcome,welcome
loginname783,firstname796,lastname796,1400709323,pk05@gmail.com,welcome,welcome
loginname784,firstname797,lastname797,1392447066,pk01@gmail.com,welcome,welcome
loginname785,firstname798,lastname798,1384184808,pk02@gmail.com,welcome,welcome
loginname786,firstname799,lastname799,1375922550,pk03@gmail.com,welcome,welcome
loginname787,firstname800,lastname800,1367660293,pk04@gmail.com,welcome,welcome
